query_id,expected_intent,expected_strategy
Q001,metadata_lookup,metadata
Q002,metadata_lookup,metadata
Q003,metadata_lookup,metadata
Q004,metadata_lookup,metadata
Q005,metadata_lookup,metadata
Q006,metadata_lookup,metadata
Q007,metadata_lookup,metadata
Q008,metadata_lookup,metadata
Q009,metadata_lookup,metadata
Q010,metadata_lookup,metadata
Q011,metadata_lookup,metadata
Q012,metadata_lookup,metadata
Q013,metadata_lookup,metadata
Q014,metadata_lookup,metadata
Q015,metadata_lookup,metadata
Q016,metadata_lookup,metadata
Q017,story_discovery,semantic
Q018,story_discovery,semantic
Q019,story_discovery,semantic
Q020,story_discovery,semantic
Q021,story_discovery,semantic
Q022,story_discovery,semantic
Q023,story_discovery,semantic
Q024,story_discovery,semantic
Q025,story_discovery,semantic
Q026,story_discovery,semantic
Q027,story_qa,evidence
Q028,story_qa,evidence
Q029,story_qa,evidence
Q030,story_qa,evidence
Q031,story_qa,evidence
Q032,story_qa,evidence
Q033,story_qa,evidence
Q034,story_qa,evidence
Q035,story_qa,evidence
Q036,story_qa,evidence
Q037,story_qa,evidence
Q038,story_qa,evidence
Q039,story_qa,evidence
Q040,story_qa,evidence
Q041,story_qa,evidence
Q042,story_qa,evidence
Q043,story_qa,evidence
Q044,story_qa,evidence
Q045,story_qa,evidence
Q046,story_qa,evidence
Q047,comparison,full_story
Q048,comparison,full_story
Q049,comparison,full_story
Q050,comparison,full_story