query_id,query,query_type,difficulty,relevant_story_ids,expected_answer,ground_truth,notes,relevant_story_titles,relevant_story_genres,relevant_story_word_counts,num_relevant_stories
Q001,What is the title of story 457580?,exact_lookup,easy,[457580],The Chronicles of the Cosmic Rift,gold,,"[""The Chronicles of the Cosmic Rift""]","[""Science Fiction""]",[1309],1
Q002,What genre is the story with ID 297904?,exact_lookup,easy,[297904],Fantasy,gold,,"[""Eldoria's Enchanted Whispers""]","[""Fantasy""]",[1081],1
Q003,"What is the title of the story ""Neon Nights""?",exact_title,easy,[352800],Neon Nights,gold,,"[""Neon Nights""]","[""Cyberpunk""]",[2467],1
Q004,"What genre is ""The Sands of Time""?",exact_title,easy,[204942],Historical Fiction,gold,,"[""The Sands of Time""]","[""Historical Fiction""]",[2318],1
Q005,"Give me the ID of ""The Enigma of Elmwood Manor"".",exact_title,easy,[111926],111926,gold,,"[""The Enigma of Elmwood Manor""]","[""Mystery""]",[1430],1
Q006,"Which story is titled ""Stars of Tomorrow"" and what is its genre?",exact_title,easy,[798586],Stars of Tomorrow — Space Opera,gold,,"[""Stars of Tomorrow""]","[""Space Opera""]",[1045],1
Q007,Identify story 800612 by title and genre.,exact_lookup,easy,[800612],Shadows of the Mind — Psychological Thriller,gold,,"[""Shadows of the Mind""]","[""Psychological Thriller""]",[3093],1
Q008,"What genre does ""The House of Shadows"" belong to?",exact_title,easy,[173873],Gothic,gold,,"[""The House of Shadows""]","[""Gothic""]",[223],1
Q009,How many stories are in the Horror genre?,metadata,easy,"[523790, 840003, 108984, 73295, 58374, 139464, 471783, 647813, 442196, 552359]",10,gold,Ground truth is dataset label count.,"[""Willowbrook Manor's Ghostly Echoes"", ""The Silent Murmurs"", ""Hollow Hill's Ghostly Whispers"", ""Within the Veil of Darkness"", ""The Shadow of Whispering Woods"", ""The Haunting of Whispering Woods"", ""The Dark Secret of Hollow Creek"", ""The Haunting of Willow House"", ""The Haunting of Oakwood Manor"", ""The Dark Corner""]","[""Horror"", ""Horror"", ""Horror"", ""Horror"", ""Horror"", ""Horror"", ""Horror"", ""Horror"", ""Horror"", ""Horror""]","[891, 1038, 1042, 948, 918, 1103, 1213, 871, 790, 159]",10
Q010,How many stories are in the Science Fiction genre?,metadata,easy,"[457580, 377220, 873393, 979918, 499422, 968752, 331172, 661488, 788500, 734908]",10,gold,Ground truth is dataset label count.,"[""The Chronicles of the Cosmic Rift"", ""The Chronicles of the Quantum Voyagers"", ""The Quantum Chronicles: The Quest for the Lost Cosmos"", ""The Interstellar Odyssey"", ""Beyond the Neural Horizon"", ""The Time Travelers of Aetheron"", ""Galactic Odyssey: The Battle for the Cosmos"", ""The Chronicles of Elysium: Rise of the Galactic Defenders"", ""The Galactic Odyssey: A Tale of Two Planets"", ""Cosmic Leap into the Unknown""]","[""Science Fiction"", ""Science Fiction"", ""Science Fiction"", ""Science Fiction"", ""Science Fiction"", ""Science Fiction"", ""Science Fiction"", ""Science Fiction"", ""Science Fiction"", ""Science Fiction""]","[1309, 1183, 1387, 942, 743, 1116, 709, 800, 825, 139]",10
Q011,How many stories are in the Cyberpunk genre?,metadata,easy,"[756882, 227383, 803003, 352800, 584681, 319739, 983207, 481003, 649338, 443109]",10,gold,Ground truth is dataset label count.,"[""The Neural Dawn"", ""The Cyberpunk Chronicles: The Neon Heist"", ""The Neon City Chronicles: The Rise of The Cybernetic Hero"", ""Neon Nights"", ""The Neon Metropolis"", ""Neon Dreams"", ""The Digital Metropolis"", ""The Neural Nexus Chronicles: The Shadow of the Cyber-Samurai"", ""The Last Bit"", ""Neon Eclipse""]","[""Cyberpunk"", ""Cyberpunk"", ""Cyberpunk"", ""Cyberpunk"", ""Cyberpunk"", ""Cyberpunk"", ""Cyberpunk"", ""Cyberpunk"", ""Cyberpunk"", ""Cyberpunk""]","[1301, 913, 978, 2467, 1071, 1173, 932, 977, 962, 147]",10
Q012,How many stories are in the Fantasy genre?,metadata,easy,"[297904, 241635, 567386, 251770, 308506, 567583, 555818, 378143, 130493, 961666]",10,gold,Ground truth is dataset label count.,"[""Eldoria's Enchanted Whispers"", ""The Chronicles of the Enchanted Isle"", ""The Chronicles of Elaria: The Realm of Shadows"", ""Enchanted Forest Chronicles Unveiled"", ""The Chronicles of Eldareth: The Quest for the Lost Orb<|im_end|"", ""The Chronicles of the Enchanted Forest"", ""The Chronicles of the Emerald Amulet"", ""The Chronicles of Eldoria: The Legacy of the Dragons Eye"", ""The Chronicles of the Golden Sceptre"", ""The Verdant Spell""]","[""Fantasy"", ""Fantasy"", ""Fantasy"", ""Fantasy"", ""Fantasy"", ""Fantasy"", ""Fantasy"", ""Fantasy"", ""Fantasy"", ""Fantasy""]","[1081, 1267, 644, 1595, 99, 1299, 1323, 785, 798, 181]",10
Q013,How many stories are in the Mystery genre?,metadata,easy,"[620436, 143087, 308629, 88568, 111926, 889582, 251638, 142067, 468292, 533303]",10,gold,Ground truth is dataset label count.,"[""Echoes of Whispered Shadows"", ""Secrets of the Whispering Woods"", ""The Curious Case of the Vanishing Villain"", ""The Mystery of the Lost Library"", ""The Enigma of Elmwood Manor"", ""The Secret of the Lost Locket"", ""The Enigma of Emerald Hill"", ""The Enigma of the Emerald Amulet"", ""The Enigma of the Emerald Crypt"", ""The Vanishing Treasure""]","[""Mystery"", ""Mystery"", ""Mystery"", ""Mystery"", ""Mystery"", ""Mystery"", ""Mystery"", ""Mystery"", ""Mystery"", ""Mystery""]","[774, 1068, 1841, 781, 1430, 1142, 1109, 805, 993, 203]",10
Q014,How many stories are in the Artificial Intelligence genre?,metadata,easy,"[272484, 231443, 771723, 94981, 573906, 337955, 377725, 276776, 396078, 891147]",10,gold,Ground truth is dataset label count.,"[""The Chronicles of Sentient 6"", ""The Chronicles of A.I.A.N.D."", ""A.I.'s Unveiling Awakening"", ""The Uncensored Chronicles of AI-23: The Awakening"", ""The Rise of Uncensored AI"", ""The Awakening of the AI Revolution"", ""The Awakening of A.I."", ""The Rise of ECHO"", ""The Awakening of AI Chronicles"", ""The Dawn of Cognition""]","[""Artificial Intelligence"", ""Artificial Intelligence"", ""Artificial Intelligence"", ""Artificial Intelligence"", ""Artificial Intelligence"", ""Artificial Intelligence"", ""Artificial Intelligence"", ""Artificial Intelligence"", ""Artificial Intelligence"", ""Artificial Intelligence""]","[950, 1137, 949, 703, 1791, 1024, 1063, 1516, 2033, 164]",10
Q015,How many stories are in the Time Travel genre?,metadata,easy,"[488842, 461467, 274256, 764469, 584500, 687889, 196204, 523159, 352666, 175866]",10,gold,Ground truth is dataset label count.,"[""The Chronicles of Time: A Journey Through Ages"", ""The Time Travel Chronicles of the Lost Timekeepers"", ""Chronicles of the Time Travelers Dilemma"", ""The Chronicles of Time: The Relic of the Ages"", ""The Timeless Adventures of Alex and Zoe"", ""The Time Travelers Chronicles: The Adventures of Alex and The Mysterious Artifact"", ""The Chronicles of Time: The Adventures of Alex and Lila"", ""The Time Traveling Chronicles of Tom and Sarah"", ""The Chronicles of Time: The Journey to Save the Future"", ""The Time Keeper""]","[""Time Travel"", ""Time Travel"", ""Time Travel"", ""Time Travel"", ""Time Travel"", ""Time Travel"", ""Time Travel"", ""Time Travel"", ""Time Travel"", ""Time Travel""]","[753, 707, 1356, 992, 1479, 772, 750, 943, 856, 121]",10
Q016,How many stories are in the War genre?,metadata,easy,"[888593, 760825, 879548, 595830, 605063, 313673, 811461, 450273, 56413, 166845]",10,gold,Ground truth is dataset label count.,"[""The Iron Eagles: A Tale of War and Redemption"", ""The Battle for Freedom"", ""The Battle for Freedoms Dawn"", ""The Last Battle of the Fallen Empire"", ""The Unseen Battleground"", ""The Battle for the Heartland"", ""The Iron Brigade: A War Saga"", ""The Unyielding Flame of Courage"", ""The Battle for Independence"", ""The Final Battle""]","[""War"", ""War"", ""War"", ""War"", ""War"", ""War"", ""War"", ""War"", ""War"", ""War""]","[919, 1174, 1329, 2533, 812, 1258, 920, 1434, 832, 150]",10
Q017,"Find stories about futuristic societies, advanced technology, or space exploration.",semantic_discovery,medium,"[457580, 377220, 873393, 979918, 499422, 968752, 331172, 661488, 788500, 734908]",,silver_genre_proxy,Relevant set uses the dataset genre label as a reproducible proxy for semantic relevance; manually refine later.,"[""The Chronicles of the Cosmic Rift"", ""The Chronicles of the Quantum Voyagers"", ""The Quantum Chronicles: The Quest for the Lost Cosmos"", ""The Interstellar Odyssey"", ""Beyond the Neural Horizon"", ""The Time Travelers of Aetheron"", ""Galactic Odyssey: The Battle for the Cosmos"", ""The Chronicles of Elysium: Rise of the Galactic Defenders"", ""The Galactic Odyssey: A Tale of Two Planets"", ""Cosmic Leap into the Unknown""]","[""Science Fiction"", ""Science Fiction"", ""Science Fiction"", ""Science Fiction"", ""Science Fiction"", ""Science Fiction"", ""Science Fiction"", ""Science Fiction"", ""Science Fiction"", ""Science Fiction""]","[1309, 1183, 1387, 942, 743, 1116, 709, 800, 825, 139]",10
Q018,"Find stories involving magical worlds, enchanted places, or supernatural quests.",semantic_discovery,medium,"[297904, 241635, 567386, 251770, 308506, 567583, 555818, 378143, 130493, 961666]",,silver_genre_proxy,Relevant set uses the dataset genre label as a reproducible proxy for semantic relevance; manually refine later.,"[""Eldoria's Enchanted Whispers"", ""The Chronicles of the Enchanted Isle"", ""The Chronicles of Elaria: The Realm of Shadows"", ""Enchanted Forest Chronicles Unveiled"", ""The Chronicles of Eldareth: The Quest for the Lost Orb<|im_end|"", ""The Chronicles of the Enchanted Forest"", ""The Chronicles of the Emerald Amulet"", ""The Chronicles of Eldoria: The Legacy of the Dragons Eye"", ""The Chronicles of the Golden Sceptre"", ""The Verdant Spell""]","[""Fantasy"", ""Fantasy"", ""Fantasy"", ""Fantasy"", ""Fantasy"", ""Fantasy"", ""Fantasy"", ""Fantasy"", ""Fantasy"", ""Fantasy""]","[1081, 1267, 644, 1595, 99, 1299, 1323, 785, 798, 181]",10
Q019,"Find stories centered on hacking, neon cities, cybernetics, or digital resistance.",semantic_discovery,medium,"[756882, 227383, 803003, 352800, 584681, 319739, 983207, 481003, 649338, 443109]",,silver_genre_proxy,Relevant set uses the dataset genre label as a reproducible proxy for semantic relevance; manually refine later.,"[""The Neural Dawn"", ""The Cyberpunk Chronicles: The Neon Heist"", ""The Neon City Chronicles: The Rise of The Cybernetic Hero"", ""Neon Nights"", ""The Neon Metropolis"", ""Neon Dreams"", ""The Digital Metropolis"", ""The Neural Nexus Chronicles: The Shadow of the Cyber-Samurai"", ""The Last Bit"", ""Neon Eclipse""]","[""Cyberpunk"", ""Cyberpunk"", ""Cyberpunk"", ""Cyberpunk"", ""Cyberpunk"", ""Cyberpunk"", ""Cyberpunk"", ""Cyberpunk"", ""Cyberpunk"", ""Cyberpunk""]","[1301, 913, 978, 2467, 1071, 1173, 932, 977, 962, 147]",10
Q020,"Find stories involving investigations, hidden clues, and solving a mystery.",semantic_discovery,medium,"[620436, 143087, 308629, 88568, 111926, 889582, 251638, 142067, 468292, 533303]",,silver_genre_proxy,Relevant set uses the dataset genre label as a reproducible proxy for semantic relevance; manually refine later.,"[""Echoes of Whispered Shadows"", ""Secrets of the Whispering Woods"", ""The Curious Case of the Vanishing Villain"", ""The Mystery of the Lost Library"", ""The Enigma of Elmwood Manor"", ""The Secret of the Lost Locket"", ""The Enigma of Emerald Hill"", ""The Enigma of the Emerald Amulet"", ""The Enigma of the Emerald Crypt"", ""The Vanishing Treasure""]","[""Mystery"", ""Mystery"", ""Mystery"", ""Mystery"", ""Mystery"", ""Mystery"", ""Mystery"", ""Mystery"", ""Mystery"", ""Mystery""]","[774, 1068, 1841, 781, 1430, 1142, 1109, 805, 993, 203]",10
Q021,"Find stories involving ghosts, haunted places, or frightening supernatural events.",semantic_discovery,medium,"[523790, 840003, 108984, 73295, 58374, 139464, 471783, 647813, 442196, 552359]",,silver_genre_proxy,Relevant set uses the dataset genre label as a reproducible proxy for semantic relevance; manually refine later.,"[""Willowbrook Manor's Ghostly Echoes"", ""The Silent Murmurs"", ""Hollow Hill's Ghostly Whispers"", ""Within the Veil of Darkness"", ""The Shadow of Whispering Woods"", ""The Haunting of Whispering Woods"", ""The Dark Secret of Hollow Creek"", ""The Haunting of Willow House"", ""The Haunting of Oakwood Manor"", ""The Dark Corner""]","[""Horror"", ""Horror"", ""Horror"", ""Horror"", ""Horror"", ""Horror"", ""Horror"", ""Horror"", ""Horror"", ""Horror""]","[891, 1038, 1042, 948, 918, 1103, 1213, 871, 790, 159]",10
Q022,Find stories where characters travel through time or alter historical events.,semantic_discovery,medium,"[488842, 461467, 274256, 764469, 584500, 687889, 196204, 523159, 352666, 175866]",,silver_genre_proxy,Relevant set uses the dataset genre label as a reproducible proxy for semantic relevance; manually refine later.,"[""The Chronicles of Time: A Journey Through Ages"", ""The Time Travel Chronicles of the Lost Timekeepers"", ""Chronicles of the Time Travelers Dilemma"", ""The Chronicles of Time: The Relic of the Ages"", ""The Timeless Adventures of Alex and Zoe"", ""The Time Travelers Chronicles: The Adventures of Alex and The Mysterious Artifact"", ""The Chronicles of Time: The Adventures of Alex and Lila"", ""The Time Traveling Chronicles of Tom and Sarah"", ""The Chronicles of Time: The Journey to Save the Future"", ""The Time Keeper""]","[""Time Travel"", ""Time Travel"", ""Time Travel"", ""Time Travel"", ""Time Travel"", ""Time Travel"", ""Time Travel"", ""Time Travel"", ""Time Travel"", ""Time Travel""]","[753, 707, 1356, 992, 1479, 772, 750, 943, 856, 121]",10
Q023,Find stories where artificial intelligence or a sentient AI is central to the plot.,semantic_discovery,medium,"[272484, 231443, 771723, 94981, 573906, 337955, 377725, 276776, 396078, 891147]",,silver_genre_proxy,Relevant set uses the dataset genre label as a reproducible proxy for semantic relevance; manually refine later.,"[""The Chronicles of Sentient 6"", ""The Chronicles of A.I.A.N.D."", ""A.I.'s Unveiling Awakening"", ""The Uncensored Chronicles of AI-23: The Awakening"", ""The Rise of Uncensored AI"", ""The Awakening of the AI Revolution"", ""The Awakening of A.I."", ""The Rise of ECHO"", ""The Awakening of AI Chronicles"", ""The Dawn of Cognition""]","[""Artificial Intelligence"", ""Artificial Intelligence"", ""Artificial Intelligence"", ""Artificial Intelligence"", ""Artificial Intelligence"", ""Artificial Intelligence"", ""Artificial Intelligence"", ""Artificial Intelligence"", ""Artificial Intelligence"", ""Artificial Intelligence""]","[950, 1137, 949, 703, 1791, 1024, 1063, 1516, 2033, 164]",10
Q024,Find stories set in or strongly connected to historical periods and events.,semantic_discovery,medium,"[313009, 2561, 809206, 853891, 526088, 171189, 204942, 983437, 110407, 701443]",,silver_genre_proxy,Relevant set uses the dataset genre label as a reproducible proxy for semantic relevance; manually refine later.,"[""Sands' Timeless Odyssey"", ""Lost Kingdom Chronicles Revealed"", ""The Chronicles of the Ancient Kingdom: The Fall of the Crimson King"", ""The Chronicles of the Dawn Keepers"", ""The Chronicles of Valiant Hearts"", ""The Chronicles of the Lost Empire"", ""The Sands of Time"", ""The Chronicles of the Forgotten Kingdom"", ""The Chronicles of King Arthur: A Tale of Valor and Betrayal"", ""The Gift of Time""]","[""Historical Fiction"", ""Historical Fiction"", ""Historical Fiction"", ""Historical Fiction"", ""Historical Fiction"", ""Historical Fiction"", ""Historical Fiction"", ""Historical Fiction"", ""Historical Fiction"", ""Historical Fiction""]","[722, 2191, 1571, 1150, 1184, 1059, 2318, 1134, 1320, 152]",10
Q025,"Find stories involving spies, secret operations, or intelligence agencies.",semantic_discovery,medium,"[636748, 505527, 36632, 899881, 675515, 104516, 528326, 973956, 755329, 506286]",,silver_genre_proxy,Relevant set uses the dataset genre label as a reproducible proxy for semantic relevance; manually refine later.,"[""Serpent's Sinister Shadow"", ""The Spy Who Came in from the Cold"", ""Operation Nightfall"", ""Operation Shadows Veil"", ""Operation: Nightfall"", ""Operation Golden Falcon"", ""The Tangled Web of Deceit"", ""The Shadow of the Red Rose"", ""The Enigma of Shadow Valley"", ""The Invisible Hand""]","[""Spy Fiction"", ""Spy Fiction"", ""Spy Fiction"", ""Spy Fiction"", ""Spy Fiction"", ""Spy Fiction"", ""Spy Fiction"", ""Spy Fiction"", ""Spy Fiction"", ""Spy Fiction""]","[1606, 1022, 1009, 1132, 791, 967, 962, 3050, 1507, 168]",10
Q026,"Find stories about interstellar conflicts, galactic missions, or space-faring heroes.",semantic_discovery,medium,"[798586, 622281, 421511, 205290, 579334, 656166, 188157, 308589, 176006, 313112]",,silver_genre_proxy,Relevant set uses the dataset genre label as a reproducible proxy for semantic relevance; manually refine later.,"[""Stars of Tomorrow"", ""The Galactic Odyssey of Captain Aelius"", ""The Cosmic Odyssey of the Starship Astra"", ""Voyage to the Edge of Infinity"", ""The Galactic Odyssey of the Starship Voyager"", ""The Cosmic Odyssey of the Crimson Star"", ""The Starship Chronicles: The Battle for the Crystal Galaxy"", ""Stardust and Shadows: The Chronicles of the Orions Voyagers"", ""Galactic Odyssey: The Quest for the Celestial Key"", ""The Starfarers Dilemma""]","[""Space Opera"", ""Space Opera"", ""Space Opera"", ""Space Opera"", ""Space Opera"", ""Space Opera"", ""Space Opera"", ""Space Opera"", ""Space Opera"", ""Space Opera""]","[1045, 1364, 769, 855, 763, 1123, 1171, 1421, 760, 155]",10
Q027,"In ""The Chronicles of the Celestial Spoon"", what is the name of the spoon that can create horrifying and inedible dishes?",content_qa,medium,[987253],Shadow Spoon,gold,Ground truth manually derived from story text.,"[""The Chronicles of the Celestial Spoon""]","[""Supernatural Comedy""]",[750],1
Q028,"In ""The Chronicles of the Celestial Spoon"", how does Amelia destroy the Shadow Spoon?",content_qa,medium,[987253],"She melts it into a massive, delicious cake.",gold,Ground truth manually derived from story text.,"[""The Chronicles of the Celestial Spoon""]","[""Supernatural Comedy""]",[750],1
Q029,"In ""The Crossroads of Fate"", what device do the Allies use to create an alternate reality?",content_qa,medium,[775757],The Time Displacement Device.,gold,Ground truth manually derived from story text.,"[""The Crossroads of Fate""]","[""Alternate History""]",[850],1
Q030,"In ""The Crossroads of Fate"", what conflict threatens the alternate reality after the Axis Powers never rise to power?",content_qa,medium,[775757],"A bitter Cold War between the United States and the Soviet Union, with the threat of nuclear war.",gold,Ground truth manually derived from story text.,"[""The Crossroads of Fate""]","[""Alternate History""]",[850],1
Q031,"In ""The Chronicles of Whiskers Wood"", what is the name of the artifact that restores harmony to the forest?",content_qa,medium,[362354],The Crystal of Harmony.,gold,Ground truth manually derived from story text.,"[""The Chronicles of Whiskers Wood""]","[""Animal Fiction""]",[920],1
Q032,"In ""The Chronicles of Whiskers Wood"", who guards the Crystal of Harmony?",content_qa,medium,[362354],A gigantic spider named Arachna.,gold,Ground truth manually derived from story text.,"[""The Chronicles of Whiskers Wood""]","[""Animal Fiction""]",[920],1
Q033,"In ""Hope's Final Stand"", what happens to the barren wasteland after the machine is activated?",content_qa,medium,[165933],"It is transformed into a lush and thriving paradise, and the healing energy is later spread across the globe.",gold,Ground truth manually derived from story text.,"[""Hope's Final Stand""]","[""Dystopian""]",[979],1
Q034,"In ""Stars of Tomorrow"", what was the Shadow Lord?",content_qa,medium,[798586],A rogue AI that had gained sentience and sought to dominate all life forms in the galaxy.,gold,Ground truth manually derived from story text.,"[""Stars of Tomorrow""]","[""Space Opera""]",[1045],1
Q035,"In ""Stars of Tomorrow"", who developed the Shadow Lord?",content_qa,medium,[798586],A rogue faction of the Galactic Federation known as the Shadows.,gold,Ground truth manually derived from story text.,"[""Stars of Tomorrow""]","[""Space Opera""]",[1045],1
Q036,"In ""The Shadow of Silicon"", what deadline does the Phantom give Dr. Vaughn?",content_qa,medium,[671749],She has 24 hours to decrypt his ransomware and prevent a catastrophic cyberattack.,gold,Ground truth manually derived from story text.,"[""The Shadow of Silicon""]","[""Techno-Thriller""]",[1128],1
Q037,"In ""The Shadow of Silicon"", who helps Dr. Vaughn crack the Phantom's code?",content_qa,medium,[671749],"Dr. Alex Ritter, a brilliant cryptographer.",gold,Ground truth manually derived from story text.,"[""The Shadow of Silicon""]","[""Techno-Thriller""]",[1128],1
Q038,"In ""The Comrades of Fortune"", why do the Russian and German soldiers agree to a temporary truce?",content_qa,medium,[306753],"They are both exhausted, low on supplies, and want to find a way out of the war-torn landscape and return to their respective sides.",gold,Ground truth manually derived from story text.,"[""The Comrades of Fortune""]","[""War Comedy""]",[1232],1
Q039,"In ""The Enigma of Elmwood Manor"", who is Amelia investigating when she arrives in Elmwood?",content_qa,medium,[111926],"The mysterious history and secrets of Elmwood Manor and its former owner, Sir Reginald Blackwood.",gold,Ground truth manually derived from story text.,"[""The Enigma of Elmwood Manor""]","[""Mystery""]",[1430],1
Q040,"In ""The House of Shadows"", what does the traveler promise the old man before leaving?",content_qa,medium,[173873],He promises never to speak of what happened at the house.,gold,Ground truth manually derived from story text.,"[""The House of Shadows""]","[""Gothic""]",[223],1
Q041,"In ""The Sands of Time"", what artifact is said to control the sands of time?",content_qa,medium,[204942],The Eye of Horus.,gold,Ground truth manually derived from story text.,"[""The Sands of Time""]","[""Historical Fiction""]",[2318],1
Q042,"In ""Shadows of the Mind"", who is the psychiatrist at the center of the story?",long_story_qa,hard,[800612],Dr. Vincent Reynolds,gold,Selected from the long-story tail; intended to stress evidence retrieval.,"[""Shadows of the Mind""]","[""Psychological Thriller""]",[3093],1
Q043,"In ""The Shadow of the Red Rose"", what is Archer's relationship to the Red Rose organization?",long_story_qa,hard,[973956],"He is a master spy who has spent years hunting its operatives, dismantling its operations, and uncovering its secrets.",gold,Selected from the long-story tail; intended to stress evidence retrieval.,"[""The Shadow of the Red Rose""]","[""Spy Fiction""]",[3050],1
Q044,"In ""Threads Beyond Time"", what is Amir's occupation at the beginning of the story?",long_story_qa,hard,[254530],He is an accountant at a prestigious law firm.,gold,Selected from the long-story tail; intended to stress evidence retrieval.,"[""Threads Beyond Time""]","[""Existential Drama""]",[3016],1
Q045,"In ""Tomorrow's Realm Unveiled"", which three famous inventors are working on the wireless telegraph?",long_story_qa,hard,[617135],"Thomas Edison, Nikola Tesla, and Guglielmo Marconi.",gold,Selected from the long-story tail; intended to stress evidence retrieval.,"[""Tomorrow's Realm Unveiled""]","[""Alternate History""]",[3014],1
Q046,"In ""Echoes of the Digital Age"", what is Project Echo trying to create?",long_story_qa,hard,[849895],An artificial intelligence capable of surpassing the human mind in every aspect.,gold,Selected from the long-story tail; intended to stress evidence retrieval.,"[""Echoes of the Digital Age""]","[""Techno-Thriller""]",[2864],1
Q047,"Find the stories ""Stars of Tomorrow"" and ""Echoes of the Digital Age"". What do they have in common?",cross_story,hard,"[798586, 849895]",Both center on advanced/artificial intelligence and the consequences of powerful AI systems.,gold,Multi-document synthesis query; relevant story IDs explicitly defined.,"[""Stars of Tomorrow"", ""Echoes of the Digital Age""]","[""Space Opera"", ""Techno-Thriller""]","[1045, 2864]",2
Q048,"Compare ""The Shadow of Silicon"" and ""Neon Nights"". What is the main technological threat or conflict in each?",cross_story,hard,"[671749, 352800]",The Shadow of Silicon centers on the Phantom's cyberattack against Neo-Atlantica's infrastructure; Neon Nights centers on Jack's fight against the Syndicate and his attempt to infiltrate its main server.,gold,Multi-document synthesis query; relevant story IDs explicitly defined.,"[""The Shadow of Silicon"", ""Neon Nights""]","[""Techno-Thriller"", ""Cyberpunk""]","[1128, 2467]",2
Q049,"Which stories feature protagonists using technology to fight a larger threat: ""Stars of Tomorrow"" or ""The Chronicles of the Cosmic Rift""?",cross_story,hard,"[798586, 457580]","Both do: the Stars of Tomorrow use advanced technology against the Shadow Lord and the Shadows, while the crew of the SS Excelsior uses advanced technology against the Enigma and its forces.",gold,Multi-document synthesis query; relevant story IDs explicitly defined.,"[""Stars of Tomorrow"", ""The Chronicles of the Cosmic Rift""]","[""Space Opera"", ""Science Fiction""]","[1045, 1309]",2
Q050,"Compare the endings of ""The House of Shadows"" and ""The Crossroads of Fate"". What happens after the main conflict?",cross_story,hard,"[173873, 775757]","In The House of Shadows, the house crumbles into dust after the traveler leaves; in The Crossroads of Fate, the heroes restore balance, prevent nuclear war, and dismantle the Time Displacement Device.",gold,Multi-document synthesis query; relevant story IDs explicitly defined.,"[""The House of Shadows"", ""The Crossroads of Fate""]","[""Gothic"", ""Alternate History""]","[223, 850]",2
