query_id,story_id,story_group,num_retrieved_chunks,num_supported_chunks,first_supported_rank,reciprocal_rank,hit@1,hit@3,hit@5
Q027,987253,normal,5,2,3.0,0.3333333333333333,0,1,1
Q028,987253,normal,5,2,1.0,1.0,1,1,1
Q029,775757,normal,5,3,2.0,0.5,0,1,1
Q030,775757,normal,5,1,3.0,0.3333333333333333,0,1,1
Q031,362354,normal,5,3,1.0,1.0,1,1,1
Q032,362354,normal,5,1,3.0,0.3333333333333333,0,1,1
Q033,165933,normal,5,1,2.0,0.5,0,1,1
Q034,798586,normal,5,2,2.0,0.5,0,1,1
Q035,798586,normal,5,1,1.0,1.0,1,1,1
Q036,671749,normal,5,1,4.0,0.25,0,0,1
Q037,671749,normal,5,2,1.0,1.0,1,1,1
Q038,306753,normal,5,1,1.0,1.0,1,1,1
Q039,111926,normal,5,3,1.0,1.0,1,1,1
Q040,173873,normal,2,2,1.0,1.0,1,1,1
Q041,204942,normal,5,5,1.0,1.0,1,1,1
Q042,800612,long,5,1,4.0,0.25,0,0,1
Q043,973956,long,5,0,,0.0,0,0,0
Q044,254530,long,5,1,1.0,1.0,1,1,1
Q045,617135,long,5,4,1.0,1.0,1,1,1
Q046,849895,long,5,1,5.0,0.2,0,0,1
