query_id,query,query_type,expected_intent,predicted_intent,intent_correct,expected_strategy,predicted_strategy,strategy_correct,latency_ms,error
Q001,What is the title of story 457580?,exact_lookup,metadata_lookup,metadata_lookup,True,metadata,metadata,True,8026.3935000002675,
Q002,What genre is the story with ID 297904?,exact_lookup,metadata_lookup,metadata_lookup,True,metadata,metadata,True,0.23519999922427814,
Q003,"What is the title of the story ""Neon Nights""?",exact_title,metadata_lookup,metadata_lookup,True,metadata,metadata,True,7224.302900000112,
Q004,"What genre is ""The Sands of Time""?",exact_title,metadata_lookup,metadata_lookup,True,metadata,metadata,True,0.14000000010128133,
Q005,"Give me the ID of ""The Enigma of Elmwood Manor"".",exact_title,metadata_lookup,metadata_lookup,True,metadata,metadata,True,8002.148900000975,
Q006,"Which story is titled ""Stars of Tomorrow"" and what is its genre?",exact_title,metadata_lookup,metadata_lookup,True,metadata,metadata,True,7611.609300000055,
Q007,Identify story 800612 by title and genre.,exact_lookup,metadata_lookup,metadata_lookup,True,metadata,metadata,True,9037.677500000427,
Q008,"What genre does ""The House of Shadows"" belong to?",exact_title,metadata_lookup,metadata_lookup,True,metadata,metadata,True,0.20980000044801272,
Q009,How many stories are in the Horror genre?,metadata,metadata_lookup,metadata_lookup,True,metadata,metadata,True,7052.5706999997055,
Q010,How many stories are in the Science Fiction genre?,metadata,metadata_lookup,metadata_lookup,True,metadata,metadata,True,6862.2737000005145,
Q011,How many stories are in the Cyberpunk genre?,metadata,metadata_lookup,metadata_lookup,True,metadata,metadata,True,6953.53570000043,
Q012,How many stories are in the Fantasy genre?,metadata,metadata_lookup,metadata_lookup,True,metadata,metadata,True,7061.872500000391,
Q013,How many stories are in the Mystery genre?,metadata,metadata_lookup,metadata_lookup,True,metadata,metadata,True,6852.97570000148,
Q014,How many stories are in the Artificial Intelligence genre?,metadata,metadata_lookup,metadata_lookup,True,metadata,metadata,True,6976.98070000115,
Q015,How many stories are in the Time Travel genre?,metadata,metadata_lookup,metadata_lookup,True,metadata,metadata,True,6890.512099998887,
Q016,How many stories are in the War genre?,metadata,metadata_lookup,metadata_lookup,True,metadata,metadata,True,6693.613200000982,
Q017,"Find stories about futuristic societies, advanced technology, or space exploration.",semantic_discovery,story_discovery,story_discovery,True,semantic,semantic,True,8464.89180000026,
Q018,"Find stories involving magical worlds, enchanted places, or supernatural quests.",semantic_discovery,story_discovery,story_discovery,True,semantic,semantic,True,8264.74920000146,
Q019,"Find stories centered on hacking, neon cities, cybernetics, or digital resistance.",semantic_discovery,story_discovery,story_discovery,True,semantic,semantic,True,9006.284400000368,
Q020,"Find stories involving investigations, hidden clues, and solving a mystery.",semantic_discovery,story_discovery,story_discovery,True,semantic,semantic,True,8433.852900001511,
Q021,"Find stories involving ghosts, haunted places, or frightening supernatural events.",semantic_discovery,story_discovery,story_discovery,True,semantic,semantic,True,8220.72130000015,
Q022,Find stories where characters travel through time or alter historical events.,semantic_discovery,story_discovery,story_discovery,True,semantic,semantic,True,8176.632500000778,
Q023,Find stories where artificial intelligence or a sentient AI is central to the plot.,semantic_discovery,story_discovery,story_discovery,True,semantic,semantic,True,8067.759700001261,
Q024,Find stories set in or strongly connected to historical periods and events.,semantic_discovery,story_discovery,story_discovery,True,semantic,semantic,True,7609.362599998349,
Q025,"Find stories involving spies, secret operations, or intelligence agencies.",semantic_discovery,story_discovery,story_discovery,True,semantic,semantic,True,8113.962399998854,
Q026,"Find stories about interstellar conflicts, galactic missions, or space-faring heroes.",semantic_discovery,story_discovery,story_discovery,True,semantic,semantic,True,9107.91109999991,
Q027,"In ""The Chronicles of the Celestial Spoon"", what is the name of the spoon that can create horrifying and inedible dishes?",content_qa,story_qa,story_qa,True,evidence,evidence,True,0.22390000049199443,
Q028,"In ""The Chronicles of the Celestial Spoon"", how does Amelia destroy the Shadow Spoon?",content_qa,story_qa,story_qa,True,evidence,evidence,True,8472.905399999945,
Q029,"In ""The Crossroads of Fate"", what device do the Allies use to create an alternate reality?",content_qa,story_qa,story_qa,True,evidence,evidence,True,0.20189999850117601,
Q030,"In ""The Crossroads of Fate"", what conflict threatens the alternate reality after the Axis Powers never rise to power?",content_qa,story_qa,story_qa,True,evidence,evidence,True,0.18670000099518802,
Q031,"In ""The Chronicles of Whiskers Wood"", what is the name of the artifact that restores harmony to the forest?",content_qa,story_qa,story_qa,True,evidence,evidence,True,0.17049999951268546,
Q032,"In ""The Chronicles of Whiskers Wood"", who guards the Crystal of Harmony?",content_qa,story_qa,story_qa,True,evidence,evidence,True,0.15639999946870375,
Q033,"In ""Hope's Final Stand"", what happens to the barren wasteland after the machine is activated?",content_qa,story_qa,story_qa,True,evidence,evidence,True,0.21010000091337133,
Q034,"In ""Stars of Tomorrow"", what was the Shadow Lord?",content_qa,story_qa,story_qa,True,evidence,evidence,True,0.1840999993873993,
Q035,"In ""Stars of Tomorrow"", who developed the Shadow Lord?",content_qa,story_qa,story_qa,True,evidence,evidence,True,0.14379999993252568,
Q036,"In ""The Shadow of Silicon"", what deadline does the Phantom give Dr. Vaughn?",content_qa,story_qa,story_qa,True,evidence,evidence,True,0.1525999996374594,
Q037,"In ""The Shadow of Silicon"", who helps Dr. Vaughn crack the Phantom's code?",content_qa,story_qa,story_qa,True,evidence,evidence,True,0.12830000014218967,
Q038,"In ""The Comrades of Fortune"", why do the Russian and German soldiers agree to a temporary truce?",content_qa,story_qa,story_qa,True,evidence,evidence,True,8286.524199998894,
Q039,"In ""The Enigma of Elmwood Manor"", who is Amelia investigating when she arrives in Elmwood?",content_qa,story_qa,story_qa,True,evidence,evidence,True,0.20570000015140977,
Q040,"In ""The House of Shadows"", what does the traveler promise the old man before leaving?",content_qa,story_qa,story_qa,True,evidence,evidence,True,0.16649999997753184,
Q041,"In ""The Sands of Time"", what artifact is said to control the sands of time?",content_qa,story_qa,story_qa,True,evidence,evidence,True,0.12570000035339035,
Q042,"In ""Shadows of the Mind"", who is the psychiatrist at the center of the story?",long_story_qa,story_qa,story_qa,True,evidence,evidence,True,0.12090000018361025,
Q043,"In ""The Shadow of the Red Rose"", what is Archer's relationship to the Red Rose organization?",long_story_qa,story_qa,story_qa,True,evidence,evidence,True,0.17099999968195334,
Q044,"In ""Threads Beyond Time"", what is Amir's occupation at the beginning of the story?",long_story_qa,story_qa,story_qa,True,evidence,evidence,True,0.13729999955103267,
Q045,"In ""Tomorrow's Realm Unveiled"", which three famous inventors are working on the wireless telegraph?",long_story_qa,story_qa,story_qa,True,evidence,evidence,True,0.10759999895526562,
Q046,"In ""Echoes of the Digital Age"", what is Project Echo trying to create?",long_story_qa,story_qa,story_qa,True,evidence,evidence,True,0.11350000022503082,
Q047,"Find the stories ""Stars of Tomorrow"" and ""Echoes of the Digital Age"". What do they have in common?",cross_story,comparison,comparison,True,full_story,full_story,True,8930.197100000441,
Q048,"Compare ""The Shadow of Silicon"" and ""Neon Nights"". What is the main technological threat or conflict in each?",cross_story,comparison,comparison,True,full_story,full_story,True,0.24140000095940195,
Q049,"Which stories feature protagonists using technology to fight a larger threat: ""Stars of Tomorrow"" or ""The Chronicles of the Cosmic Rift""?",cross_story,comparison,comparison,True,full_story,full_story,True,9076.645499999358,
Q050,"Compare the endings of ""The House of Shadows"" and ""The Crossroads of Fate"". What happens after the main conflict?",cross_story,comparison,comparison,True,full_story,full_story,True,0.20220000078552403,
