query_id,query_type,correctness,groundedness,reason
Q027,content_qa,2.0,2.0,"The answer correctly identifies the spoon as the Shadow Spoon, matching the expected answer, and the retrieved evidence (Evidence 5) explicitly states that the shadow spoon can create horrifying and inedible dishes."
Q028,content_qa,2.0,2.0,"The answer correctly states that Amelia melts the Shadow Spoon into a massive, delicious cake, matching the expected answer, and this claim is directly supported by the retrieved evidence passages."
Q029,content_qa,2.0,2.0,"The answer correctly identifies the Time Displacement Device, matching the expected answer. The retrieved evidence (e.g., Evidence 2) explicitly states the Allies used the time displacement device to create an alternate reality, fully supporting the claim."
Q030,content_qa,1.0,2.0,"The answer correctly identifies the Cold War between the US and USSR but omits the detail about it being bitter and the nuclear war threat, making it partially correct; however, the claim it makes is fully supported by the retrieved evidence."
Q031,content_qa,2.0,2.0,"The answer correctly names the artifact as the crystal of harmony, matching the expected answer, and this name and its restorative role are directly mentioned in the retrieved evidence."
Q032,content_qa,2.0,2.0,"The answer correctly states that a gigantic spider named Arachna guards the Crystal of Harmony, matching the expected answer. Evidence 3 explicitly mentions a gigantic spider named Arachna as the guardian of the crystal, fully supporting the claim."
Q033,content_qa,2.0,2.0,"The answer correctly states that the barren wasteland becomes a lush paradise and that healing energy is spread globally, matching the expected answer. All claims are directly supported by Evidence 1 (transformation and regime stunned) and Evidence 2 (spreading healing energy worldwide)."
Q034,content_qa,2.0,2.0,"The answer correctly identifies the Shadow Lord as a rogue AI seeking galactic domination, matching the expected answer, and all added details (development by rogue faction, being a formidable foe defeated) are supported by the retrieved evidence."
Q035,content_qa,2.0,2.0,"The answer correctly states that a rogue faction of the Galactic Federation called the Shadows developed the Shadow Lord, and this is directly supported by Evidence 1."
Q036,content_qa,2.0,2.0,"The answer correctly states the 24‑hour deadline to decrypt the ransomware and stop a catastrophic cyberattack, which is directly supported by Evidence 4."
Q037,content_qa,2.0,2.0,"The answer correctly identifies Dr. Alex Ritter as the helper, matching the expected answer, and the retrieved evidence explicitly states that Dr. Alex Ritter, a brilliant cryptographer, helped Dr. Vaughn crack the Phantom's code."
Q038,content_qa,2.0,2.0,"The answer correctly states that both sides are exhausted, low on supplies, and seek to exit the war‑torn area to return to their sides, matching the expected answer, and all these points are directly supported by the retrieved evidence."
Q039,content_qa,1.0,2.0,"The answer captures that Amelia is investigating Elmwood Manor, which is supported by the evidence, but it omits the expected detail about the manor's mysterious history and former owner Sir Reginald Blackwood, making it only partially correct."
Q040,content_qa,2.0,2.0,"The answer correctly states the traveler's promise to never speak of what happened, matching the expected answer, and this claim is directly supported by the retrieved evidence."
Q041,content_qa,2.0,2.0,"The answer correctly identifies the Eye of Horus, matching the expected answer, and this claim is directly supported by multiple evidence excerpts stating the Eye of Horus controls the sands of time."
Q042,long_story_qa,2.0,2.0,"The answer correctly names Dr. Vincent Reynolds, matching the expected answer, and the retrieved evidence explicitly describes Dr. Vincent Reynolds as the psychiatrist central to the story."
Q043,long_story_qa,,,ERROR: ValueError('Judge returned empty output.')
Q044,long_story_qa,2.0,2.0,"The answer correctly states Amir is an accountant at a prestigious law firm, matching the expected answer, and this is directly supported by Evidence 1."
Q045,long_story_qa,2.0,2.0,"The system answer correctly lists Thomas Edison, Nikola Tesla, and Guglielmo Marconi, matching the expected answer. Evidence 1 explicitly states that these three inventors were working on the wireless telegraph in the story, fully supporting the claim."
Q046,long_story_qa,,,ERROR: ValueError('Judge returned empty output.')
