query_id,num_relevant_in_pool,hit@1,precision@1,recall@1,hit@3,precision@3,recall@3,hit@5,precision@5,recall@5,hit@10,precision@10,recall@10,first_relevant_rank,reciprocal_rank
Q017,17,1,1.0,0.058823529411764705,1,1.0,0.17647058823529413,1,0.6,0.17647058823529413,1,0.7,0.4117647058823529,1,1.0
Q018,18,1,1.0,0.05555555555555555,1,1.0,0.16666666666666666,1,1.0,0.2777777777777778,1,1.0,0.5555555555555556,1,1.0
Q019,15,1,1.0,0.06666666666666667,1,1.0,0.2,1,0.8,0.26666666666666666,1,0.9,0.6,1,1.0
Q020,17,0,0.0,0.0,1,0.6666666666666666,0.11764705882352941,1,0.8,0.23529411764705882,1,0.9,0.5294117647058824,2,0.5
Q021,18,1,1.0,0.05555555555555555,1,1.0,0.16666666666666666,1,1.0,0.2777777777777778,1,1.0,0.5555555555555556,1,1.0
Q022,15,1,1.0,0.06666666666666667,1,1.0,0.2,1,1.0,0.3333333333333333,1,0.9,0.6,1,1.0
Q023,14,1,1.0,0.07142857142857142,1,1.0,0.21428571428571427,1,1.0,0.35714285714285715,1,0.9,0.6428571428571429,1,1.0
Q024,9,1,1.0,0.1111111111111111,1,1.0,0.3333333333333333,1,0.6,0.3333333333333333,1,0.4,0.4444444444444444,1,1.0
Q025,15,1,1.0,0.06666666666666667,1,0.6666666666666666,0.13333333333333333,1,0.6,0.2,1,0.7,0.4666666666666667,1,1.0
Q026,18,1,1.0,0.05555555555555555,1,1.0,0.16666666666666666,1,1.0,0.2777777777777778,1,1.0,0.5555555555555556,1,1.0
