query_id,query,relevant_story_ids,retrieved_story_ids,latency_ms,hit@1,recall@1,hit@3,recall@3,hit@5,recall@5,hit@10,recall@10,reciprocal_rank
Q017,"Find stories about futuristic societies, advanced technology, or space exploration.","['331172', '377220', '457580', '499422', '661488', '734908', '788500', '873393', '968752', '979918']","['549313', '617135', '468521', '860668', '352666', '229314', '52346', '962250', '494042', '849895']",21.621800000502844,0,0.0,0,0.0,0,0.0,0,0.0,0.0
Q018,"Find stories involving magical worlds, enchanted places, or supernatural quests.","['130493', '241635', '251770', '297904', '308506', '378143', '555818', '567386', '567583', '961666']","['813960', '111898', '559013', '961666', '961180', '8325', '922469', '587007', '859965', '185870']",15.313599999899452,0,0.0,0,0.0,1,0.1,1,0.1,0.25
Q019,"Find stories centered on hacking, neon cities, cybernetics, or digital resistance.","['227383', '319739', '352800', '443109', '481003', '584681', '649338', '756882', '803003', '983207']","['443109', '695102', '405131', '229314', '803003', '319739', '831025', '980681', '671749', '584681']",13.331600000128674,1,0.1,1,0.1,1,0.2,1,0.4,1.0
Q020,"Find stories involving investigations, hidden clues, and solving a mystery.","['111926', '142067', '143087', '251638', '308629', '468292', '533303', '620436', '88568', '889582']","['610670', '675981', '159792', '891965', '950130', '557098', '407058', '769020', '944184', '468292']",12.467699999433535,0,0.0,0,0.0,0,0.0,1,0.1,0.1
Q021,"Find stories involving ghosts, haunted places, or frightening supernatural events.","['108984', '139464', '442196', '471783', '523790', '552359', '58374', '647813', '73295', '840003']","['790691', '833906', '139909', '610670', '108984', '119880', '647813', '73212', '236878', '444471']",12.394599999424827,0,0.0,0,0.0,1,0.1,1,0.2,0.2
Q022,Find stories where characters travel through time or alter historical events.,"['175866', '196204', '274256', '352666', '461467', '488842', '523159', '584500', '687889', '764469']","['764469', '687889', '161200', '549313', '461467', '45171', '610670', '390933', '441294', '523159']",12.089400000149908,1,0.1,1,0.2,1,0.3,1,0.4,1.0
Q023,Find stories where artificial intelligence or a sentient AI is central to the plot.,"['231443', '272484', '276776', '337955', '377725', '396078', '573906', '771723', '891147', '94981']","['41405', '272484', '396078', '229314', '850546', '573906', '407058', '891147', '771723', '499422']",12.720700000500074,0,0.0,1,0.2,1,0.2,1,0.5,0.5
Q024,Find stories set in or strongly connected to historical periods and events.,"['110407', '171189', '204942', '2561', '313009', '526088', '701443', '809206', '853891', '983437']","['610670', '764469', '161200', '216737', '675981', '461467', '399949', '988621', '647813', '862586']",13.544000000365486,0,0.0,0,0.0,0,0.0,0,0.0,0.0
Q025,"Find stories involving spies, secret operations, or intelligence agencies.","['104516', '36632', '505527', '506286', '528326', '636748', '675515', '755329', '899881', '973956']","['600705', '36632', '950130', '538337', '505527', '769020', '854947', '563302', '997420', '980681']",14.110099999925296,0,0.0,1,0.1,1,0.2,1,0.2,0.5
Q026,"Find stories about interstellar conflicts, galactic missions, or space-faring heroes.","['176006', '188157', '205290', '308589', '313112', '421511', '579334', '622281', '656166', '798586']","['962250', '232090', '629422', '606858', '977998', '442476', '308589', '742423', '579334', '979918']",14.223299999684968,0,0.0,0,0.0,0,0.0,1,0.2,0.14285714285714285
