query_id,query_type,best_dense_support_rank,best_reranked_support_rank,changed
Q027,content_qa,3,1,True
Q028,content_qa,1,1,False
Q029,content_qa,2,1,True
Q030,content_qa,3,2,True
Q031,content_qa,1,1,False
Q032,content_qa,3,1,True
Q033,content_qa,2,2,False
Q034,content_qa,2,1,True
Q035,content_qa,1,1,False
Q036,content_qa,4,4,False
Q037,content_qa,1,1,False
Q038,content_qa,1,1,False
Q039,content_qa,1,1,False
Q040,content_qa,1,1,False
Q041,content_qa,1,1,False
Q042,long_story_qa,4,1,True
Q043,long_story_qa,8,6,True
Q044,long_story_qa,1,8,True
Q045,long_story_qa,1,2,True
Q046,long_story_qa,5,9,True
