story_id,true_genre,base_q4,q4_lora,same
960869,Steampunk Fantasy,Fantasy,Fantasy,True
438948,Multiverse,Multiverse,Multiverse,True
234960,Technological Thriller,Science Fiction,Science Fiction,True
313673,War,Alternate History,Alternate History,True
421511,Space Opera,Science Fiction,Science Fiction,True
671749,Techno-Thriller,Science Fiction,Science Fiction,True
378527,Hard Science Fiction,Science Fiction,Science Fiction,True
143646,Adventure,Adventure,Adventure,True
168054,Generation Gap,Fantasy,Fantasy,True
571525,Inspirational,Fantasy,Fantasy,True
221511,Disaster,Disaster,Disaster,True
494607,Psychological Horror,Fantasy,Fantasy,True
600012,Historical Adventure,Alternate History,Alternate History,True
651032,Religious Fiction,Fantasy,Fantasy,True
165933,Dystopian,Dystopian,Dystopian,True
51039,Post-Apocalyptic,Apocalyptic,Apocalyptic,True
368676,Dreamlike,Fantasy,Fantasy,True
354266,Superhero,Fantasy,Fantasy,True
390933,Alternate History,Alternate Dimension,Alternate Dimension,True
540592,Coming-of-Middle-Age,Romantic Fantasy,Romantic Fantasy,True
