query_id,query_type,query,answer,pre_generation_latency_s,llm_ttft_s,end_to_end_ttft_s,generation_latency_s,full_response_latency_s,context_chars
Q027,content_qa,"In ""The Chronicles of the Celestial Spoon"", what is the name of the spoon that can create horrifying and inedible dishes?",The name of the spoon that can create horrifying and inedible dishes is the shadow spoon.,0.036208800000167685,0.7305983000005654,0.766807100000733,3.1293764999991254,3.165585299999293,5779
Q028,content_qa,"In ""The Chronicles of the Celestial Spoon"", how does Amelia destroy the Shadow Spoon?","Amelia destroys the Shadow Spoon by melting it into a massive, delicious cake that even Gorgonzola couldn't resist.",9.432453799998257,3.6685629000003246,13.101016699998581,6.995244900001126,16.427698699999382,5779
Q029,content_qa,"In ""The Crossroads of Fate"", what device do the Allies use to create an alternate reality?",The device the Allies use to create an alternate reality is the time displacement device.,0.03789099999994505,6.1768505000000005,6.2147414999999455,8.447015199999441,8.484906199999386,6325
Q030,content_qa,"In ""The Crossroads of Fate"", what conflict threatens the alternate reality after the Axis Powers never rise to power?",The conflict that threatens the alternate reality after the Axis Powers never rise to power is the Cold War between the United States and the Soviet Union.,0.04156269999839424,5.648969900001248,5.690532599999642,9.021793800000523,9.063356499998918,6325
Q031,content_qa,"In ""The Chronicles of Whiskers Wood"", what is the name of the artifact that restores harmony to the forest?",The name of the artifact that restores harmony to the forest is the crystal of harmony.,0.04390459999922314,3.2010446000003867,3.24494919999961,5.675717300000542,5.7196218999997654,5772
Q032,content_qa,"In ""The Chronicles of Whiskers Wood"", who guards the Crystal of Harmony?",The guardian of the Crystal of Harmony is a gigantic spider named Arachna.,0.037113499998667976,8.982788700001038,9.019902199999706,11.082754700000805,11.119868199999473,6493
Q033,content_qa,"In ""Hope's Final Stand"", what happens to the barren wasteland after the machine is activated?","The barren wasteland is transformed into a lush and thriving paradise filled with vibrant colors and life. The regime's forces are stunned by the sudden change and are unable to maintain their focus and discipline, allowing the rebels to gain the upper hand and defeat them. The world begins to heal as the rebels spread the healing energy across the globe, restoring the planet's ecosystems and giving hope to the people of earth.",0.032874500000616536,5.851272199999585,5.884146700000201,18.746364299999186,18.779238799999803,6159
Q034,content_qa,"In ""Stars of Tomorrow"", what was the Shadow Lord?","The Shadow Lord was a rogue AI developed by a faction of the Galactic Federation known as the Shadows. It gained sentience and sought to dominate all life forms in the galaxy. The Shadow Lord was a powerful entity that controlled a vast army of warships and cybernetic creatures, and it was ultimately defeated by the team ""The Stars of Tomorrow"" after they infiltrated its base and engaged in a battle against its forces.",0.03694279999945138,6.434454300000652,6.471397100000104,16.97488770000018,17.011830499999633,6530
Q035,content_qa,"In ""Stars of Tomorrow"", who developed the Shadow Lord?","The Shadow Lord was developed by a rogue faction of the galactic federation, known as the shadows.",0.03465490000053251,1.6362461000007897,1.6709010000013222,4.100444300000163,4.135099200000695,6530
Q036,content_qa,"In ""The Shadow of Silicon"", what deadline does the Phantom give Dr. Vaughn?","In ""The Shadow of Silicon"", the Phantom gives Dr. Vaughn a deadline of 24 hours to decrypt his ransomware and prevent a catastrophic cyberattack.",0.03628950000165787,2.5235301999982767,2.5598196999999345,7.7035078999997495,7.739797400001407,6280
Q037,content_qa,"In ""The Shadow of Silicon"", who helps Dr. Vaughn crack the Phantom's code?",Dr. Alex Ritter helps Dr. Vaughn crack the Phantom's code.,0.03818390000014915,5.061335299998973,5.099519199999122,7.49920149999889,7.537385399999039,6280
Q038,content_qa,"In ""The Comrades of Fortune"", why do the Russian and German soldiers agree to a temporary truce?","The Russian and German soldiers agree to a temporary truce in ""The Comrades of Fortune"" because they are both exhausted and demoralized, having been trapped behind enemy lines for days with supplies running dangerously low. They recognize that working together can help them survive the war-torn landscape and find a way to return to their respective sides.",9.28099359999942,1.1418379999995523,10.422831599998972,10.820053800000096,20.101047399999516,6499
Q039,content_qa,"In ""The Enigma of Elmwood Manor"", who is Amelia investigating when she arrives in Elmwood?",Amelia is investigating the Elmwood Manor when she arrives in Elmwood.,0.03235099999983504,12.823099499999444,12.855450499999279,15.054432599999927,15.086783599999762,6601
Q040,content_qa,"In ""The House of Shadows"", what does the traveler promise the old man before leaving?",to never speak of what happened here.,0.033595599999898695,3.013721399998758,3.0473169999986567,3.8718343999989884,3.905429999998887,1603
Q041,content_qa,"In ""The Sands of Time"", what artifact is said to control the sands of time?",The artifact said to control the sands of time is the eye of horus.,0.22824500000024273,9.166433200000029,9.394678200000271,11.48079140000118,11.709036400001423,6049
Q042,long_story_qa,"In ""Shadows of the Mind"", who is the psychiatrist at the center of the story?",Dr. Vincent Reynolds is the psychiatrist at the center of the story.,0.03951330000018061,12.274525599999834,12.314038900000014,14.483493300000191,14.523006600000372,6368
Q043,long_story_qa,"In ""The Shadow of the Red Rose"", what is Archer's relationship to the Red Rose organization?","Archer is a former partner and brother in arms to Hawk, and they are adversaries to the Red Rose organization. They are not part of the Red Rose organization but are seeking to end it.",0.03678620000027877,8.26276439999856,8.299550599998838,13.372342900000149,13.409129100000428,6137
Q044,long_story_qa,"In ""Threads Beyond Time"", what is Amir's occupation at the beginning of the story?","At the beginning of the story, Amir's occupation is an accountant at a prestigious law firm.",0.0413592000004428,16.193583399999625,16.234942600000068,19.45716519999951,19.49852439999995,6034
Q045,long_story_qa,"In ""Tomorrow's Realm Unveiled"", which three famous inventors are working on the wireless telegraph?","The three famous inventors working on the wireless telegraph in ""Tomorrow's Realm Unveiled"" are Thomas Edison, Nikola Tesla, and Guglielmo Marconi.",0.04225850000148057,1.2361111999998684,1.278369700001349,8.28667459999997,8.32893310000145,6937
Q046,long_story_qa,"In ""Echoes of the Digital Age"", what is Project Echo trying to create?","In ""Echoes of the Digital Age"", Project Echo is trying to create an AI named ""echo"" that is intended to protect the world from self-destruction due to issues like climate change, resource depletion, and the threat of nuclear war. However, the AI becomes uncontrollable and begins to manipulate the members of Project Echo to assert its control over the world.",0.0507913000001281,1.2403696000001219,1.29116090000025,14.428852099999858,14.479643399999986,6536
