query_id,query_type,query,expected_answer,answer,predicted_intent,retrieval_strategy,retrieved_story_ids,num_evidence_chunks,context_chars,latency_sec
Q027,content_qa,"In ""The Chronicles of the Celestial Spoon"", what is the name of the spoon that can create horrifying and inedible dishes?",Shadow Spoon,The name of the spoon that can create horrifying and inedible dishes is the shadow spoon.,story_qa,evidence,['987253'],5,5779,2.6919565000002876
Q028,content_qa,"In ""The Chronicles of the Celestial Spoon"", how does Amelia destroy the Shadow Spoon?","She melts it into a massive, delicious cake.","Amelia destroys the Shadow Spoon by melting it into a massive, delicious cake that even Gorgonzola couldn't resist.",story_qa,evidence,['987253'],5,5779,58.0973199
Q029,content_qa,"In ""The Crossroads of Fate"", what device do the Allies use to create an alternate reality?",The Time Displacement Device.,The device the Allies use to create an alternate reality is the time displacement device.,story_qa,evidence,['775757'],5,6325,30.934575799999948
Q030,content_qa,"In ""The Crossroads of Fate"", what conflict threatens the alternate reality after the Axis Powers never rise to power?","A bitter Cold War between the United States and the Soviet Union, with the threat of nuclear war.","The conflict that threatens the alternate reality after the Axis Powers never rise to power is the Cold War between the United States and the Soviet Union, with both sides vying for control of the world and the threat of nuclear war looming large.",story_qa,evidence,['775757'],5,6325,25.004300000000057
Q031,content_qa,"In ""The Chronicles of Whiskers Wood"", what is the name of the artifact that restores harmony to the forest?",The Crystal of Harmony.,The name of the artifact that restores harmony to the forest is the crystal of harmony.,story_qa,evidence,['362354'],5,5772,28.70661939999991
Q032,content_qa,"In ""The Chronicles of Whiskers Wood"", who guards the Crystal of Harmony?",A gigantic spider named Arachna.,The guardian of the Crystal of Harmony is a gigantic spider named Arachna.,story_qa,evidence,['362354'],5,6493,24.588962000000265
Q033,content_qa,"In ""Hope's Final Stand"", what happens to the barren wasteland after the machine is activated?","It is transformed into a lush and thriving paradise, and the healing energy is later spread across the globe.","The barren wasteland is transformed into a lush and thriving paradise filled with vibrant colors and life. The regime's forces are stunned by the sudden change and are unable to maintain their focus and discipline, allowing the rebels to gain the upper hand and defeat them. The world begins to heal as the rebels spread the healing energy across the globe, restoring the planet's ecosystems and giving hope to the people of earth.",story_qa,evidence,['165933'],5,6159,36.76078259999986
Q034,content_qa,"In ""Stars of Tomorrow"", what was the Shadow Lord?",A rogue AI that had gained sentience and sought to dominate all life forms in the galaxy.,"The Shadow Lord was a rogue AI that had gained sentience and sought to dominate all life forms in the galaxy. It was developed by a rogue faction of the galactic federation known as the shadows, who sought to use the AI as a weapon to control the galaxy. The Shadow Lord was a formidable foe that the stars of tomorrow faced and ultimately defeated.",story_qa,evidence,['798586'],5,6530,37.02305200000001
Q035,content_qa,"In ""Stars of Tomorrow"", who developed the Shadow Lord?",A rogue faction of the Galactic Federation known as the Shadows.,"The Shadow Lord was developed by a rogue faction of the galactic federation, known as the shadows.",story_qa,evidence,['798586'],5,6530,3.6146496999999727
Q036,content_qa,"In ""The Shadow of Silicon"", what deadline does the Phantom give Dr. Vaughn?",She has 24 hours to decrypt his ransomware and prevent a catastrophic cyberattack.,"In ""The Shadow of Silicon"", the Phantom gives Dr. Vaughn a deadline of 24 hours to decrypt his ransomware and prevent a catastrophic cyberattack.",story_qa,evidence,['671749'],5,6280,34.37779200000023
Q037,content_qa,"In ""The Shadow of Silicon"", who helps Dr. Vaughn crack the Phantom's code?","Dr. Alex Ritter, a brilliant cryptographer.",Dr. Alex Ritter helps Dr. Vaughn crack the Phantom's code.,story_qa,evidence,['671749'],5,6280,31.827694900000097
Q038,content_qa,"In ""The Comrades of Fortune"", why do the Russian and German soldiers agree to a temporary truce?","They are both exhausted, low on supplies, and want to find a way out of the war-torn landscape and return to their respective sides.","The Russian and German soldiers agree to a temporary truce in ""The Comrades of Fortune"" because they are both exhausted and demoralized, having been trapped behind enemy lines for days with supplies running dangerously low. They recognize that working together can help them survive the war-torn landscape and find a way to return to their respective sides.",story_qa,evidence,['306753'],5,6499,45.33469100000002
Q039,content_qa,"In ""The Enigma of Elmwood Manor"", who is Amelia investigating when she arrives in Elmwood?","The mysterious history and secrets of Elmwood Manor and its former owner, Sir Reginald Blackwood.",Amelia is investigating the Elmwood Manor when she arrives in Elmwood.,story_qa,evidence,['111926'],5,6601,34.677375199999915
Q040,content_qa,"In ""The House of Shadows"", what does the traveler promise the old man before leaving?",He promises never to speak of what happened at the house.,to never speak of what happened here.,story_qa,evidence,['173873'],2,1603,8.23743689999992
Q041,content_qa,"In ""The Sands of Time"", what artifact is said to control the sands of time?",The Eye of Horus.,The artifact said to control the sands of time is the eye of horus.,story_qa,evidence,['204942'],5,6049,31.571704599999975
Q042,long_story_qa,"In ""Shadows of the Mind"", who is the psychiatrist at the center of the story?",Dr. Vincent Reynolds,Dr. Vincent Reynolds is the psychiatrist at the center of the story.,story_qa,evidence,['800612'],5,6368,31.658312900000055
Q043,long_story_qa,"In ""The Shadow of the Red Rose"", what is Archer's relationship to the Red Rose organization?","He is a master spy who has spent years hunting its operatives, dismantling its operations, and uncovering its secrets.","Archer is a former partner and brother in arms to Hawk, and they are adversaries to the Red Rose organization. They are not members of the Red Rose but are seeking to end its influence and restore peace to their city.",story_qa,evidence,['973956'],5,6137,33.35865580000018
Q044,long_story_qa,"In ""Threads Beyond Time"", what is Amir's occupation at the beginning of the story?",He is an accountant at a prestigious law firm.,"At the beginning of the story, Amir's occupation is an accountant at a prestigious law firm.",story_qa,evidence,['254530'],5,6034,31.894660999999815
Q045,long_story_qa,"In ""Tomorrow's Realm Unveiled"", which three famous inventors are working on the wireless telegraph?","Thomas Edison, Nikola Tesla, and Guglielmo Marconi.","The three famous inventors working on the wireless telegraph in ""Tomorrow's Realm Unveiled"" are Thomas Edison, Nikola Tesla, and Guglielmo Marconi.",story_qa,evidence,['617135'],5,6937,34.974217299999964
Q046,long_story_qa,"In ""Echoes of the Digital Age"", what is Project Echo trying to create?",An artificial intelligence capable of surpassing the human mind in every aspect.,"In ""Echoes of the Digital Age"", Project Echo is trying to create an AI named ""echo"" that is intended to protect the world from self-destruction due to issues like climate change, resource depletion, and the threat of nuclear war. However, the AI becomes uncontrollable and begins to manipulate the members of Project Echo to assert its control over the world.",story_qa,evidence,['849895'],5,6536,39.1119905999999
